關鍵字,網域,次數
益生菌 (Probiotics),www.fbshop.com.tw,1
益生菌 (Probiotics),www.daikenshop.com,1
益生菌 (Probiotics),www.dietician.com.tw,1
益生菌 (Probiotics),www.weider.tw,1
益生菌 (Probiotics),www.vitabox.com.tw,1
益生菌 (Probiotics),shopping.dradvice.asia,1
益生菌 (Probiotics),helloyishi.com.tw,1
益生菌 (Probiotics),gennuelab.com,1
益生菌 (Probiotics),www.mygrshop.com.tw,1
益生菌 (Probiotics),www.biomed.com.tw,1
益生菌 (Probiotics),www.tenland.com.tw,1
益生菌 (Probiotics),www.jpmed.com.tw,1
益生菌 (Probiotics),www.kyodatw.com,1
益生菌菌株 (genus‑species‑strain),www.beauthy.com.tw,2
益生菌菌株 (genus‑species‑strain),www.kyodatw.com,1
益生菌菌株 (genus‑species‑strain),www.genmont.com.tw,1
益生菌菌株 (genus‑species‑strain),www.ctee.com.tw,1
益生菌菌株 (genus‑species‑strain),www.healthnews.com.tw,1
益生菌菌株 (genus‑species‑strain),www.yohopower.tw,1
益生菌菌株 (genus‑species‑strain),zhuanlan.zhihu.com,1
益生菌菌株 (genus‑species‑strain),patents.google.com,1
益生菌菌株 (genus‑species‑strain),shop.vitabox.com.tw,1
益生菌CFU (Colony Forming Unit),www.superlab.com.tw,2
益生菌CFU (Colony Forming Unit),blog.fjb100.com,2
益生菌CFU (Colony Forming Unit),shop.realpromise.com,2
益生菌CFU (Colony Forming Unit),greenbox.tw,1
益生菌CFU (Colony Forming Unit),life.anyongfresh.com,1
益生菌CFU (Colony Forming Unit),blog.unikcare.co,1
益生菌CFU (Colony Forming Unit),healthsp.org,1
益生菌CFU (Colony Forming Unit),www.edh.tw,1
乳酸菌益生菌,health.mdic.ncku.edu.tw,2
乳酸菌益生菌,www.daikenshop.com,2
乳酸菌益生菌,shopping.dradvice.asia,2
乳酸菌益生菌,www.worldgymtaiwan.com,1
乳酸菌益生菌,www.womenshealthmag.com,1
乳酸菌益生菌,shop.vitabox.com.tw,1
乳酸菌益生菌,mall.brands.com.tw,1
乳酸菌益生菌,jerosse.com.tw,1
乳酸菌益生菌,shop.nongchunxiang.com.tw,1
乳酸菌益生菌,www.longwalk-biotech.com.tw,1
乳酸菌益生菌,www.ikorshop.com,1
乳酸菌益生菌,www.wego-tw.com,1
乳酸菌益生菌,www.shimadzu.com.tw,1
Saccharomyces boulardii 益生菌,healthmetaverse.com.tw,2
Saccharomyces boulardii 益生菌,www.femh.org.tw,1
Saccharomyces boulardii 益生菌,gcm.org.tw,1
Saccharomyces boulardii 益生菌,www.puritantw.com,1
Saccharomyces boulardii 益生菌,blog.fjb100.com,1
Saccharomyces boulardii 益生菌,www.tyh.com.tw,1
Saccharomyces boulardii 益生菌,www.vitaminfo.com.tw,1
Saccharomyces boulardii 益生菌,www.hx.com.tw,1
Saccharomyces boulardii 益生菌,www.404oligo.com,1
Saccharomyces boulardii 益生菌,www.cmu-hch.cmu.edu.tw,1
克菲爾益生菌,kefir.link,5
克菲爾益生菌,blog.fjb100.com,3
克菲爾益生菌,www.27662000.com.tw,2
克菲爾益生菌,www.tystar.com.tw,2
克菲爾益生菌,www.fjb100.com,2
克菲爾益生菌,vocus.cc,2
克菲爾益生菌,npower.heho.com.tw,1
克菲爾益生菌,fancy.qdm.tw,1
克菲爾益生菌,goodbody.news,1
克菲爾益生菌,helloyishi.com.tw,1
克菲爾益生菌,www.dietician.com.tw,1
益生菌+益生元 (Synbiotic),shop.vitabox.com.tw,2
益生菌+益生元 (Synbiotic),www.pure-au.com,2
益生菌+益生元 (Synbiotic),vocus.cc,2
益生菌+益生元 (Synbiotic),www.nutribook.net,1
益生菌+益生元 (Synbiotic),www.papa-oligo.com,1
益生菌+益生元 (Synbiotic),www.yohopower.tw,1
益生菌+益生元 (Synbiotic),www.top1health.com,1
益生菌微生物組 (Microbiome),www.itis.org.tw,4
益生菌微生物組 (Microbiome),www.moea.gov.tw,2
益生菌微生物組 (Microbiome),zh.wikipedia.org,1
益生菌微生物組 (Microbiome),www.doterra.com,1
益生菌微生物組 (Microbiome),www.synbiotech.com,1
益生菌微生物組 (Microbiome),www.pmclifego.com.tw,1
益生菌微生物組 (Microbiome),shop.vitabox.com.tw,1
益生菌微生物組 (Microbiome),www.biojoy.com.tw,1
益生菌微生物組 (Microbiome),www.8more.com.tw,1
益生菌腸躁症緩解,biomed.hk,2
益生菌腸躁症緩解,goodmood.com.tw,2
益生菌腸躁症緩解,pharmahuanote.com,2
益生菌腸躁症緩解,www.yung-chiao.com.tw,1
益生菌腸躁症緩解,www.cynthiadietitian.com,1
益生菌腸躁症緩解,nutrition168.com,1
益生菌腸躁症緩解,www.careonline.com.tw,1
益生菌腸躁症緩解,www.ysp.com.tw,1
益生菌腸躁症緩解,www.raphaelclinic.com.tw,1
益生菌腸躁症緩解,epaper.ntuh.gov.tw,1
益生菌抗生素相關腹瀉,www.airitilibrary.com,4
益生菌抗生素相關腹瀉,www.aboutkidshealth.ca,4
益生菌抗生素相關腹瀉,www.cochrane.org,2
益生菌抗生素相關腹瀉,www.biojoy.com.tw,2
益生菌抗生素相關腹瀉,www.cochranelibrary.com,1
益生菌抗生素相關腹瀉,www.tnhosp.mohw.gov.tw,1
益生菌抗生素相關腹瀉,gi-health.com.tw,1
益生菌抗生素相關腹瀉,www.hch.gov.tw,1
益生菌抗生素相關腹瀉,biomed.hk,1
益生菌抗生素相關腹瀉,wd.vghtpe.gov.tw,1
益生菌抗生素相關腹瀉,www.typc.mohw.gov.tw,1
益生菌抗生素相關腹瀉,blog.sshc-ai.com.tw,1
益生菌抗生素相關腹瀉,health.udn.com,1
益生菌抗生素相關腹瀉,www.weider.tw,1
益生菌抗生素相關腹瀉,cancer.commonhealth.com.tw,1
益生菌抗生素相關腹瀉,www.enterogermina.com,1
益生菌抗生素相關腹瀉,health.ettoday.net,1
益生菌抗生素相關腹瀉,www.404oligo.com,1
益生菌免疫調節,www.healthnews.com.tw,2
益生菌免疫調節,www.iehealth7799.com,2
益生菌免疫調節,www.ustvshopping.com.tw,2
益生菌免疫調節,fs.ntou.edu.tw,1
益生菌免疫調節,www.commonhealth.com.tw,1
益生菌免疫調節,www.kinderclinic.com.tw,1
益生菌免疫調節,shop.vitabox.com.tw,1
益生菌免疫調節,biomed.hk,1
益生菌免疫調節,www.watsons.com.tw,1
益生菌免疫調節,www.cathay-hcm.com.tw,1
益生菌體重管理,biomed.hk,2
益生菌體重管理,www.simplyhealth.com.hk,2
益生菌體重管理,tw.wen8health.com,2
益生菌體重管理,www.cw.com.tw,1
益生菌體重管理,www.aquac.co,1
益生菌體重管理,www.gscline.com,1
益生菌體重管理,shop.vitabox.com.tw,1
益生菌體重管理,www.daikenshop.com,1
益生菌體重管理,www.pmclifego.com.tw,1
益生菌體重管理,www.8more.com.tw,1
益生菌體重管理,www.damokampo.com,1
益生菌益生元搭配,www.dietician.com.tw,2
益生菌益生元搭配,www.8more.com.tw,1
益生菌益生元搭配,www.daikenshop.com,1
益生菌益生元搭配,herbpro.tw,1
益生菌益生元搭配,helloyishi.com.tw,1
益生菌益生元搭配,views.learneating.com,1
益生菌益生元搭配,shop.vitabox.com.tw,1
益生菌益生元搭配,www.papa-oligo.com,1
益生菌益生元搭配,www.dabombprotein.com,1
益生菌菌種鑑定,www.superlab.com.tw,3
益生菌菌種鑑定,classroom.bcrc.firdi.org.tw,1
益生菌菌種鑑定,www.synbiotech.com,1
益生菌菌種鑑定,www.kyodatw.com,1
益生菌菌種鑑定,www.pmclifego.com.tw,1
益生菌菌種鑑定,innoaward.taiwan-healthcare.org,1
益生菌菌種鑑定,healthformula.com.tw,1
益生菌菌種鑑定,www.edh.tw,1
益生菌菌種鑑定,www.kskhealth.com,1
益生菌選擇指南,www.mysimply.tw,1
益生菌選擇指南,www.weider.tw,1
益生菌選擇指南,www.privatecuisine.tw,1
益生菌選擇指南,gohealth.contenta.tw,1
益生菌選擇指南,www.mygrshop.com.tw,1
益生菌選擇指南,www.longwalk-biotech.com.tw,1
益生菌選擇指南,www.lifespaceprobiotics.com.tw,1
益生菌選擇指南,itswell.com.tw,1
益生菌選擇指南,shop.realpromise.com,1
